{"cameraMode":{"drawMode":0,"name":"Shaded","section":"Shading Mode"},"sceneLighting":true,"audioPlay":false,"sceneViewState":{"m_AlwaysRefresh":false,"showFog":true,"showSkybox":true,"showFlares":true,"showImageEffects":true,"showParticleSystems":true,"showVisualEffectGraphs":true,"m_FxEnabled":true},"in2DMode":false,"pivot":{"x":-13.350476264953614,"y":563.9591064453125,"z":7.417255878448486},"rotation":{"x":0.12733370065689088,"y":0.3573863208293915,"z":-0.04888968542218208,"w":0.9240480065345764},"size":2.5404231548309328,"orthographic":false}