{"cameraMode":{"drawMode":0,"name":"Shaded","section":"Shading Mode"},"sceneLighting":false,"audioPlay":false,"sceneViewState":{"m_AlwaysRefresh":false,"showFog":false,"showSkybox":false,"showFlares":true,"showImageEffects":true,"showParticleSystems":true,"showVisualEffectGraphs":true,"m_FxEnabled":true},"in2DMode":false,"pivot":{"x":0.289217472076416,"y":2.4491372108459474,"z":-0.46004509925842287},"rotation":{"x":0.07836037874221802,"y":-0.9204157590866089,"z":0.2431873381137848,"w":0.29659757018089297},"size":4.114688873291016,"orthographic":false}