{"cameraMode":{"drawMode":0,"name":"Shaded","section":"Shading Mode"},"sceneLighting":false,"audioPlay":false,"sceneViewState":{"m_AlwaysRefresh":false,"showFog":false,"showSkybox":false,"showFlares":false,"showImageEffects":false,"showParticleSystems":false,"showVisualEffectGraphs":true,"m_FxEnabled":true},"in2DMode":false,"pivot":{"x":0.0000012516975402832032,"y":0.9010657072067261,"z":0.02409382164478302},"rotation":{"x":-0.0007802230538800359,"y":0.972120463848114,"z":-0.0032163704745471479,"w":-0.23449724912643434},"size":1.339774489402771,"orthographic":false}