{"cameraMode":{"drawMode":0,"name":"Shaded","section":"Shading Mode"},"sceneLighting":false,"audioPlay":false,"sceneViewState":{"m_AlwaysRefresh":false,"showFog":false,"showSkybox":false,"showFlares":true,"showImageEffects":true,"showParticleSystems":true,"showVisualEffectGraphs":true,"m_FxEnabled":true},"in2DMode":false,"pivot":{"x":-0.6335029602050781,"y":2.3422460556030275,"z":0.6176357269287109},"rotation":{"x":0.20118644833564759,"y":-0.6712603569030762,"z":0.19691038131713868,"w":0.6859838962554932},"size":4.012399196624756,"orthographic":false}