{"cameraMode":{"drawMode":0,"name":"Shaded","section":"Shading Mode"},"sceneLighting":false,"audioPlay":false,"sceneViewState":{"m_AlwaysRefresh":false,"showFog":false,"showSkybox":false,"showFlares":true,"showImageEffects":false,"showParticleSystems":false,"showVisualEffectGraphs":true,"m_FxEnabled":true},"in2DMode":false,"pivot":{"x":0.3865733742713928,"y":3.200561046600342,"z":0.6768333315849304},"rotation":{"x":0.019187429919838907,"y":0.9352235794067383,"z":-0.35074105858802798,"w":0.050702691078186038},"size":8.054346084594727,"orthographic":false}