{"cameraMode":{"drawMode":0,"name":"Shaded","section":"Shading Mode"},"sceneLighting":false,"audioPlay":false,"sceneViewState":{"m_AlwaysRefresh":false,"showFog":false,"showSkybox":false,"showFlares":true,"showImageEffects":false,"showParticleSystems":false,"showVisualEffectGraphs":true,"m_FxEnabled":true},"in2DMode":false,"pivot":{"x":-0.08246408402919769,"y":12.280786514282227,"z":-13.654502868652344},"rotation":{"x":0.26135867834091189,"y":0.32109305262565615,"z":-0.09241876006126404,"w":0.9058988690376282},"size":5.9841790199279789,"orthographic":false}