{"cameraMode":{"drawMode":0,"name":"Shaded","section":"Shading Mode"},"sceneLighting":true,"audioPlay":false,"sceneViewState":{"m_AlwaysRefresh":false,"showFog":false,"showSkybox":true,"showFlares":true,"showImageEffects":true,"showParticleSystems":true,"showVisualEffectGraphs":true,"m_FxEnabled":true},"in2DMode":false,"pivot":{"x":-36.749576568603519,"y":-15.472946166992188,"z":53.455543518066409},"rotation":{"x":0.12417959421873093,"y":-0.26737871766090395,"z":0.034753620624542239,"w":0.9549371600151062},"size":39.10810470581055,"orthographic":false}